CO,DV,HR,NO,NO2,NOx,O3,PB,PM10,PM2.5,PP,RS,SO2,TMP,VV
1.9932823516332983,166.38328958476902,37.42874830266607,0.010731471598943984,0.012540788208956022,0.023319339682870466,0.027762814226240523,712.6761546019036,96.62663233126585,28.110677238820863,0.0,325.29787343335397,0.005621610784697873,27.009549803194073,3.0828004563593696
2.185546373822194,143.04279097058594,37.81829400839753,0.017862571347290628,0.015066356653064467,0.03309303035685827,0.027925686128471815,710.1310473028177,105.45296583021073,34.36021246719019,0.0,327.5437282458179,0.005829233416873624,29.415133197234724,2.979440321767183
2.369414230268465,154.72150635287244,49.0582040861602,0.03743047062743433,0.020554395832691367,0.05811654574827002,0.016117983821420653,708.7136198906776,123.03819503005363,41.683773455697235,0.0,200.94896985725902,0.005068522593551704,26.230154376152356,2.57397121527135
2.3852121249823313,174.41790248664793,61.068434531005316,0.04297782299528992,0.018733669303372256,0.06170923752904549,0.012024216407589421,707.897493512766,141.92463421370684,47.86741275887709,0.0,207.17760340190029,0.004277815212235636,23.890686497257484,2.603580913920789
2.39938725464607,184.73647538889622,67.11079071175449,0.043752941366807484,0.015665718957718466,0.05930290133599943,0.012070923087798944,706.573230108609,161.10720421260623,53.86379814352791,0.0,265.33733683470564,0.0037816236446950235,23.79742393133461,2.8262406580536568
2.3963165484461757,186.69305302210245,72.0961966699987,0.04309282228251769,0.01340561685869107,0.056252105639139,0.011999860603314602,705.7049808451703,167.3005999045261,56.39942016066279,0.0,293.7514170880778,0.00353479978015837,24.15016543225075,2.9412273937457467
2.1348450009232893,199.4511074547171,63.335240348305675,0.025165240693955683,0.008290285192202993,0.03184893819440377,0.018344607443844505,707.539695400417,149.75044981975554,47.541718970480375,0.0,377.2819301391993,0.003937603383600037,26.30372346687397,3.362502886778275
1.943024642307126,197.7482311351489,58.003912410401604,0.013027425204709453,0.00736646665369985,0.0200724406662384,0.019614330777453164,710.5099265280755,115.064662103166,33.836323056989706,0.0,309.51093456016076,0.004415886770377738,25.904306320963375,3.312077582546005
1.8754000997866251,216.85168654578484,57.091373496155455,0.012626025724750557,0.008956662889509675,0.021305634488587282,0.015692789662454742,712.8222332775078,105.92124965854454,26.529155312089696,0.0,189.8804556245814,0.004363343723685991,22.71933202405435,3.266426190874431
1.8474417270164871,252.64469919233858,52.233868984419985,0.01599530372824791,0.010117794943062992,0.025112059595528615,0.014367866388113649,714.0358792723666,122.7333727555658,27.22555261044643,0.0,174.54856479448011,0.004142636448317032,20.622280914433976,3.4502821219207354
1.6763145746295358,277.63008171116905,46.182225136629846,0.005915399667114285,0.006464093474676738,0.012004214114499069,0.018220839819829807,716.2135299806747,114.36353766971995,21.030307829240048,0.0,228.45003685411643,0.004338037626452495,20.99616500840612,3.772560193526451
1.6470172204230757,283.9884697277156,42.35715061891803,0.004445474402410001,0.006248227759406946,0.010335148780766402,0.020338645268927837,716.8686973458836,113.6611949325293,20.370177161797614,0.0,259.6965334640896,0.004493819151955278,21.281070677264367,3.8034046504595653
1.5997353233356282,297.3092085283172,38.87955643476509,0.002490763023550533,0.005450729470535093,0.007551943926414801,0.02184724768961534,717.3997459832796,115.98801584998841,19.11702569360898,0.0,272.646883748697,0.004590624977090278,21.57382478149375,3.974561710034084
1.6669499081471804,262.1841657896056,32.37932050917841,0.0018394291566608007,0.006398160897518462,0.008003611437947832,0.02809900240333668,715.7543561082222,105.73548645219589,20.18920886762821,0.0,348.01835631723816,0.005387654268986119,25.73831239041548,3.7634459134919798
1.690647028668201,243.50984631396693,28.5825431321314,0.0015518974537017654,0.007202947550103753,0.008623249154150782,0.03093510801733302,714.8793138539742,93.70329107538956,19.34592033272493,0.0,367.8826309460319,0.0061111467697291255,28.826218537594727,3.548845072944598
1.7151845762142717,232.1416726014595,26.960616812057772,0.0022455054863712593,0.007978615454329166,0.010133288443008294,0.03143554383610686,714.089185962022,87.51989618453794,18.597283694330585,0.0,351.1840695603188,0.006546171782697235,30.831542284111897,3.453136680442193
1.7262070924746145,231.66699947482465,25.82902174328261,0.0028700889852409303,0.008388037659064648,0.011149769180495261,0.030885688163772178,713.6773023504959,88.90783332941939,17.94072397481007,0.0,319.69116703502414,0.0066864978345571625,31.56442116625491,3.5377415567945696
1.7417496911742194,228.7011094609888,24.97182187344196,0.003231843497437591,0.008711417042598018,0.011820762559919176,0.030664751580783446,713.2977335874974,90.69357877799824,17.6163741710702,0.0,296.2874828596458,0.006769683442906221,32.09141597883503,3.628217079985243
1.780391149385168,219.54971675494681,24.034639854628377,0.004318638714053601,0.009910389749108319,0.014120657670028555,0.030171310190877446,713.151005486712,91.73342244473362,17.45510792773545,0.0,263.78343482472866,0.006815817027053313,31.903597436100288,3.6569656822990093
1.872679100290384,182.30202911157497,27.619376554903948,0.007002963006803966,0.012845920924479877,0.019851258989840956,0.027513608968667662,713.0308008343386,76.24481349426657,16.598997508025885,0.0,192.04970757939122,0.0069457271034461445,31.23231064979304,3.241456523985719
1.9184854253984316,156.43111105156262,34.995038743483526,0.007858763727172084,0.0146429094999258,0.022353335366999055,0.023072992212042277,713.4648595790455,62.446981541993196,14.518005110911016,0.0,113.2576831949566,0.006725391648329105,29.15976321700503,2.903413729233375
1.992476109727701,150.97016525937022,35.91835273639894,0.012153726684010649,0.01788730644028236,0.030043403261219084,0.01986759825619644,713.4599194186475,64.38555315436633,15.057545717549395,0.0,61.47930056567306,0.006626497913659424,27.772066042194286,2.797687516666943
2.0287414692023416,152.5452991663504,36.473242132930054,0.015405626197404416,0.01936617292036942,0.034864875388925215,0.018119675394222698,713.4462033130242,67.23049656427806,15.763833691130667,0.0,40.218013417767736,0.006530351838104658,27.00233676283409,2.751566761891664
2.1483314803517297,166.62310641054043,38.01967229948478,0.029799769603832738,0.025619447991367908,0.055588435028919914,0.012829721633588552,714.1838685006395,76.05023448806058,19.603916903136213,0.0,-2.081471973017443,0.0061811360799308495,23.17802840785268,2.348500259184571
2.1420608670493464,190.58685725949786,37.401763084854615,0.03521351523277631,0.02705957117851279,0.06245749672820036,0.011235650381029718,714.570271391157,82.15018695216784,21.303800129811474,0.0,5.485695001776634,0.006125928775094309,22.408859686136317,2.195893824900293
2.1308404797780343,216.0270665351519,37.624703753001675,0.039624798354268215,0.027116173131708755,0.06689055441453515,0.009940526169155132,714.2604211581194,93.32360872158011,23.968942813226008,0.0,18.808547585287357,0.006004019747905739,22.3216250785016,2.177319334742883
2.1026475341158597,241.17471301910808,39.96433028373552,0.04317512002361829,0.026713921613980923,0.07000188853836214,0.008172451587019756,714.3195239845862,101.36398769898152,26.4418862918591,0.0,32.140178816258924,0.005731798818106168,21.567714885399567,2.112249896150741
1.895317574489996,264.39316368267157,39.32603517965479,0.028032730376927398,0.018537392150160262,0.04644113257457767,0.011802952597475264,715.0360322294863,104.77272660381485,21.78697542822916,0.0,78.51919801656834,0.005443384953017675,22.234361315083145,2.7331196269846054
1.8100926419586962,278.07093501805804,40.58910766059458,0.0199744303571482,0.013743906409579763,0.03339279854678475,0.013059300598739314,715.295796270863,114.38454604593989,20.5156083404175,0.0,91.48125090308449,0.004976211798983086,21.78143168139839,3.3095362504061523
1.6962719159078326,307.984178420337,39.82318096218322,0.0115603082314474,0.009545786642898747,0.02062897112580517,0.014406211050124147,716.260707471257,131.75068406864526,19.023865287257287,0.0,104.98769526216384,0.004470214390960872,20.529878192788455,4.1046985984794375
1.6762590345200485,333.5207385974395,35.31232109084623,0.008474220817910494,0.007174083677558257,0.014918729978792355,0.015518504338892151,715.6940351259138,169.47876098923842,20.001788337733128,0.0,86.5629085093228,0.003923873471673886,19.570597612304717,5.258633427151276
1.6554957940441188,363.57821157443266,27.833933136510847,0.003988883072649213,0.003764659256844518,0.006731835635816547,0.018725565528148462,714.5930792786256,219.80441993980176,22.4666847030974,0.0,96.73120772229775,0.003312311251693832,19.052238692599666,6.756199362086343
1.6350685144695811,377.9743637072285,23.387187427200253,0.0020977559477223483,0.002614082586884966,0.0036714804321302356,0.022701798882640345,715.2252806673641,236.37443261288928,25.581642431107706,0.0,164.8392132198781,0.0031038729558527057,18.308461076883244,7.082637599321602
1.5955379647026313,375.0930061620402,24.68204340317141,0.0013126469027789425,0.0032599812836504073,0.0036747846084787573,0.02325788491054252,717.3838739271598,215.5645301220912,24.10644197600967,0.0,212.29114519550075,0.003224158386087652,17.180198098018302,6.481898346603556
1.56599148322527,363.2466179208976,27.897684780139475,0.0011927933212520399,0.004707983929482511,0.005173128117710726,0.02214558326790643,719.6036105620768,184.9984833756795,21.133783554088318,0.0,220.76049119188303,0.003445647409453326,16.052539850322994,5.684689807141445
1.5535244100563093,347.8047956778522,30.90836477219365,0.0010503100425137656,0.005950821848226165,0.0064157035404309205,0.021326775627624656,721.1263024335876,159.00309457484002,19.061761463616108,0.0,222.87317378668328,0.003650899918890012,15.35103661297117,5.032093965831164
1.5494725737927135,333.9995680318883,33.223780640718445,0.0010935897696753068,0.006910157060319183,0.007534310954913012,0.020855752352103785,722.0912196650899,138.82355582944768,17.673343342773116,0.0,227.78489488220555,0.0038360328697521883,15.060084512116966,4.515741435853333
1.5492656638591817,325.51024669273613,34.60654664927517,0.001354621733939505,0.0074579817128656726,0.008423592065739931,0.02079815345043024,722.5194356314668,126.65348863261312,17.208442162852045,0.0,239.9909054124769,0.003973662653173306,15.098485695417537,4.173737449492008
1.5504351547878394,320.68554764665714,35.23630492029983,0.0017125163515889462,0.007799501204626591,0.009179820078715064,0.02101248395754059,722.7172896642112,119.3341821389813,17.227749359129923,0.0,256.47265320143447,0.004079799751210322,15.268081370629124,3.938783854726571
1.5497182097262272,315.74660137784747,36.150345502515755,0.002069859990600338,0.008192431859593518,0.009986837244946,0.020935033820265327,722.976248609538,110.94606714178526,16.97921820435289,0.0,266.43121465173556,0.004187687725227168,15.36914687884678,3.689358372489771
1.5473373318202586,310.09642543849714,37.46646650899574,0.0023225491438847185,0.008667153247974086,0.010766600537680622,0.02039734993748165,723.3337981947105,101.36351376543692,16.258024368533505,0.0,263.307128750865,0.004285218790390876,15.308870312080781,3.441324234106074
1.5449588100315457,306.44733521078876,37.924058411509925,0.0023466004268638766,0.008963942034310678,0.01112469064945137,0.020340433200450658,723.6094357715353,95.29516825072992,15.812750048620984,0.0,265.6476016438054,0.004360069636776629,15.296907392400879,3.2858608106194223
1.5389774422511513,301.388812535531,39.23850938941592,0.0022481467338755744,0.009327405520256574,0.011426414415033448,0.019644858154589565,723.9918080326023,86.40006217480041,14.746541669125582,0.0,253.21158919323602,0.00443517411574711,15.147359334625806,3.0970077310674373
1.5284024169153785,297.1635100119373,41.13155127100904,0.002007217879697992,0.009673839234634395,0.0115533503215373,0.018351367633307566,724.459009992861,77.29315211019248,13.159126096439746,0.0,224.00251896764314,0.004477100142727203,14.777949019728423,2.9377756749282478
1.520011897821949,293.94198429325826,43.12477382196614,0.0018069833133269788,0.00997084276740183,0.011654183513956803,0.017066380025341176,724.8444820159633,71.65990557861797,11.619979747085091,0.0,187.231837959119,0.004473665351076454,14.296861999389959,2.843666783759002
1.5243839090013247,289.7960501681928,44.15855477406387,0.0017890932500351803,0.010318933174573145,0.011982347667050742,0.016247126064375558,724.9885321909052,69.23114543822184,10.732186460702042,0.0,158.8960328482533,0.0044565712552399285,13.952366307069891,2.829717104906264
1.5294757782600104,284.3918479414115,46.33435184112582,0.001871997777923174,0.010830770175562117,0.0125802905632086,0.014877813798836001,725.3915240144105,65.52942121775543,9.643813633536631,0.0,127.28419457492149,0.004374992422108352,13.10026339298466,2.781657134597477
1.5374083538359544,276.81486463526846,49.190555717550914,0.002201927439284145,0.01159975653742791,0.013709117482579442,0.01341946233970724,726.0822056172625,59.72508881847837,8.72415915906736,0.0,100.83688073481017,0.004275872437809538,11.90361552335856,2.647637267916407
1.545710711305531,270.7194399511767,51.091969975117976,0.002419875512256312,0.012022849575871275,0.014375962502086063,0.012761046317847382,726.4230201288676,56.06411551947327,8.487052490191719,0.0,91.86841367892983,0.004219050681817664,11.270053305094756,2.5491609513322184
1.5562181374953177,266.8382227788491,52.13255663309143,0.002833406796025239,0.012305165483118127,0.015089656221297721,0.01254276707992083,726.4534351214091,54.71129497593323,8.738948331717411,0.0,91.68710815080657,0.004200074511347263,11.080073212875872,2.4894044840365215
1.5665633771409322,264.8013358842843,52.93192022270974,0.0034670464354926815,0.012663340634846169,0.016095454199441674,0.01221880652066482,726.5200322114831,54.20471624615948,9.05014713670721,0.0,90.09933982852306,0.004171187398568926,10.809908683142053,2.4390225177401192
1.583051999757131,262.17298361351453,52.63419791530156,0.004188578329358856,0.013140630066521953,0.017309856914153092,0.012234556618296024,726.5078033999055,54.90769089474293,9.575863314191185,0.0,91.77587832238721,0.004165007016495732,10.667653592789284,2.412184900189257
1.6389017673096065,252.03661997202278,49.9338098263093,0.0060984224928814085,0.01474858738446461,0.020661357426097916,0.013129005681536476,726.1749535925729,57.967531705440614,11.317112743034274,0.0,105.28089801688637,0.004237367157147104,10.843933482766131,2.3705136104098647
1.6820963364398906,240.35353477295936,48.48556215011287,0.007244796967694513,0.016051185140629996,0.022897404351513235,0.013856847644747764,725.8838008191636,57.946710760565985,12.266807390609909,0.0,113.01645695300175,0.004332941456990902,11.14958562817027,2.3080917910048786
1.7548510525276184,224.8398084047338,46.63536464792349,0.009846801703431352,0.018391977363719905,0.02776577331831799,0.014399102927149215,725.4454890052176,59.68179351650431,14.034688341775766,0.0,117.43836479761663,0.004422258560943721,11.29815646450414,2.2161685211153133
1.8168396621701492,215.7915035196208,46.134156826381854,0.013524156419047778,0.020964595137516237,0.03476039476535071,0.013746954751386785,725.2917526428876,60.47338168877003,15.491004805792059,0.0,108.54560848799842,0.004459188423411382,10.937925697311382,2.0653611221649575
1.7596767662134194,229.95025076623108,46.88047833975731,0.01119570674261408,0.019100461087851725,0.030155653861988145,0.013502048679583892,725.6536418949098,61.186248696000504,14.243304672496311,0.0,106.42010051991784,0.004370525788429071,10.77418581045811,2.189485887094185
1.8120969159406148,216.7935153171075,47.637320014838814,0.014439561511280195,0.02137484216377018,0.036102876173909504,0.012777340435668435,725.5191031190125,56.91477535780787,15.074756610030512,0.0,98.30836568551729,0.004467500048682584,10.669669363354727,1.950847324818175
2.0492007170041875,222.8256730252707,47.12248279140053,0.039380173985910566,0.032053892044964075,0.07195450606310479,0.006832496851455547,724.309623311296,68.47401250240759,23.124716447390526,0.0,56.564865823331345,0.004593986057961949,9.407339545194496,1.22084760985304
1.8583207557359676,244.6188061744344,43.97655356654876,0.021532913515268825,0.02240833159604673,0.044196703813298516,0.01311956866314208,724.7620847878902,81.03794357721704,21.04787063944008,0.0,148.46019180329208,0.004222701924027948,10.23081147964747,2.0925757990928293
1.7712670210553556,219.30448890035535,45.10067661520211,0.009896252036196276,0.017910758811228424,0.02740986761874049,0.016576812283315066,724.796160321737,60.496720907648594,16.10182138503558,0.0,173.69369142107163,0.0045466160489888545,12.46966802705932,2.146611272154774
1.8066144452794566,196.5462269153739,44.954093251487,0.008543678625887936,0.01743217659654891,0.025419086717637988,0.017686278398995336,723.2742509011717,57.55341553590486,15.690812305250606,0.0,163.6054960941551,0.004748587802704925,14.374791387838414,2.2254665385298935
1.795507858471587,195.2866720663075,44.71396079325548,0.007232433433228009,0.016444603584522537,0.02328632303559063,0.01809661449043909,722.7524594459189,57.51214583125561,15.036053467647221,0.0,160.00123017658242,0.004811350176590708,15.197829001650852,2.3256636805274127
1.7795657693816818,198.05574667122514,44.07061283442832,0.00631935579449656,0.015743766812683434,0.02179237712973045,0.01846878065070158,722.600993511347,57.70728194366568,14.535010563976535,0.0,161.61289470315492,0.004860957830325849,15.664365275159565,2.3879746553583794
1.8186607801643215,186.80097326256163,42.5094769121948,0.0070305104166659945,0.016649054930475193,0.023261784502961805,0.0194943794194135,722.12067787352,58.43995910530137,15.327318486141571,0.0,168.4917903189793,0.004960548081501482,16.200073645590408,2.376345366353515
1.9820815843929502,160.30140724043056,40.484140933731965,0.014705082987485553,0.022327623813699737,0.037410509545214875,0.018248367470658146,721.0141984699079,61.61918832778788,18.255154752686053,0.0,133.04480545261538,0.005144291789686313,16.185934095848566,2.162342528554082
2.050748857395058,160.36814871888438,40.83388157628967,0.019750602134622635,0.024993694245140176,0.04512919875077816,0.016142328623039947,721.0834806548787,66.55719698344271,19.305261201665736,0.0,94.77367788439851,0.0049951039050046935,14.93695913469884,2.1214040062065767
1.975560057989882,177.02863528609095,41.67254955994624,0.01752598478840678,0.02374329952964453,0.04157250407365094,0.015257466744066521,722.2849079089726,68.83901630428768,17.928356111112254,0.0,83.26232701931639,0.0047594988217241185,13.486978670903332,2.250396485882737
1.9837302185395813,171.53431804297512,40.52224270353493,0.01648080012794017,0.023896057993272934,0.04067784251349975,0.015709865580076712,722.3089622444388,68.68597057806032,17.266514544216722,0.0,74.04525599419087,0.004796893432287041,13.554425047039633,2.319642331472358
1.9760370833797312,168.93473290234078,40.32482631763378,0.015101156467446676,0.023446254240626654,0.03881959215364324,0.015796031246797963,722.1106275437487,68.00154092230116,16.330373145766902,0.0,61.30068833201807,0.004833072631584319,13.900702258283374,2.401085775837701
1.9406997087989468,167.11722451013605,41.46561061680632,0.01187602013257998,0.021881810223270976,0.03382961889259294,0.016072825051841197,722.0676168661786,64.43519166858422,14.795405023246675,0.0,55.94000793845494,0.004840776292636139,14.287663852306052,2.4787657803688252
1.9134029431250845,164.36126736213532,44.33431645612226,0.009886540910863955,0.020415486344696424,0.029857105203365972,0.01587521919238754,721.9979782768504,59.1975432151397,13.810163604468993,0.0,55.729734230534234,0.00480843834223059,14.516534743917962,2.457730667726505
1.8947225049482384,168.42814805887417,47.31922437713804,0.010338893611682215,0.019910150032696652,0.029907214474896346,0.014724431483242168,722.0376151752419,56.335172037101344,13.808748537774356,0.0,54.96054425544931,0.0047442471142895995,14.347036087090197,2.3510937404786105
1.8834462295046623,179.6799255364569,50.06865865108726,0.012783482329957295,0.02036870795613356,0.03335916097109483,0.012811398137081771,722.2383395603205,54.908239800825655,14.356671894326784,0.0,50.05967774720476,0.0046774668088433325,13.833702267249844,2.174261814364985
1.8525872514908557,191.45801795389468,52.84528749043392,0.013294889819205537,0.019605688942058146,0.03308485084598199,0.011736263872315002,722.4124014401145,54.067784260448505,14.42057998773093,0.0,53.326236890212556,0.004591712456058411,13.568097098869783,2.105178548182959
1.8182305531534604,209.50072667470417,57.0413900840346,0.015849145229202055,0.019448446833252454,0.03547686870896036,0.009543851097062987,722.7685408839089,51.92966386627829,14.599054247394974,0.0,49.66965885808196,0.004510012931052969,13.018349715882415,1.9172542649544169
1.826912609628391,222.2348453291687,58.71403639387249,0.02030363045379323,0.020504134864383884,0.0409978201789937,0.00783244426593913,722.772014802243,54.51938937663931,16.054409665825105,0.0,48.238888572536666,0.004444155180789594,12.538771256009511,1.7690964186873999
1.8708753425965357,230.34184328516704,59.91557714721494,0.02677568935666271,0.022749459555173636,0.049750697744489425,0.005955440134059851,722.6917669245855,59.35817589446664,18.551134194889542,0.0,45.181354859912645,0.0043429568138293176,11.721379810524018,1.5888972261074006
1.9121313198682113,235.34156843878935,61.33364457278287,0.03186980344983935,0.02400746041571725,0.05612516275591144,0.004820356474394782,722.0933253184196,65.08131972892683,21.309151004830134,0.0,53.02776287654328,0.0042500101344978775,11.514697475709772,1.4808648394216701
2.0843860617803553,242.68485906791756,61.97185889092853,0.04639522182923082,0.027751745561968896,0.07444468573099453,0.0026771206792705407,719.3672958108381,87.7677005049835,31.472801747089363,0.0,71.95685375430749,0.004124221437898869,12.070864157979113,1.3284371706701734
1.876689982952229,241.1868346346365,49.28513856654335,0.0226647068426993,0.017836146356867966,0.04067831134933298,0.014386833336215762,720.0643002909932,88.12581218853703,27.017894860039064,0.0,238.73486006151776,0.004363042511174443,15.194025679930618,2.127439000220407
1.8206267244023422,215.2949841558875,47.048119677593014,0.013009567611613634,0.015449821789688602,0.0286943700114253,0.01811197755947456,720.4637704024767,67.7025852489219,21.541779916203406,0.0,265.8750188155078,0.004807452256413146,17.22867059385719,2.112933746129204
1.8999279979615722,172.9213498418188,45.06823631015232,0.01112574298302817,0.016038456534001884,0.027109721290388987,0.021051869185509723,718.786524668986,62.94802435310333,21.246596859894485,0.0,258.7203532937355,0.005132883706056918,19.403921788297463,2.1879449458792846
1.9277097101308525,168.26144510896373,40.48130188515618,0.01076668235556759,0.015882498429897272,0.02650264324662483,0.024109472110420808,717.7414492298882,69.53939302054543,22.63539843340669,0.0,291.1767361222694,0.005360187585785101,20.911798852339746,2.3649045379837195
1.941283748766802,159.9077572067874,37.75436314219023,0.009293388054356892,0.015956992258546247,0.02502599499348318,0.026073151087468688,717.5160967575011,69.21955347891134,21.92837914686574,0.0,293.33563212240455,0.005535923746077152,21.57338078414913,2.4628079734596473
1.957815031580052,157.69780279356698,35.63174460492535,0.009390893516153192,0.016738376973059386,0.02572964013753696,0.025917664819635013,717.3671097222016,71.61421182482145,21.028962509227004,0.0,257.1223341705916,0.005614982258508455,21.685031726936476,2.588173269539724
2.033126878121202,148.94473383236914,33.2830245649441,0.01144543540041257,0.018894298549064416,0.030358497917789204,0.02535814963076087,716.6880292404945,74.90721187391843,20.99531410094479,0.0,207.909409499989,0.005760259235842843,21.99190615317101,2.6670713490446047
2.0839472670703834,147.45670873552388,32.597181846516285,0.014167791805409188,0.020679961758369874,0.03509474099332308,0.023226723352566828,716.172558159066,79.22981029118654,20.619470291367097,0.0,146.0103012785337,0.005774877760063588,21.86656141738719,2.757775459821483
2.2277845949584556,139.1708628615438,34.01079314705996,0.023967980348572532,0.025557826611495485,0.04979524273002579,0.01823527876767761,715.1069490723734,83.771084524343,22.002736197106312,0.0,65.36909618958265,0.005800740934403657,21.3698873631814,2.597292604285645
2.3409876327419084,144.42304385985307,38.12204097783006,0.036645278377613714,0.030799610202154597,0.06775761605569408,0.012273452228094294,714.8431148579592,86.99487554917982,24.540429865308084,0.0,-10.163132816541633,0.005647756988831459,19.725985372488456,2.2276021679278584
2.4139448463981257,163.96604590252417,40.23403650406818,0.04824708234028065,0.0343071721148964,0.08289538464852235,0.008183287165183113,714.6876446658107,101.17143144516027,29.685374468165875,0.0,-28.696092315722268,0.005345938187072136,18.055636698185573,1.9850480549107958
2.594500537464305,183.66682395191785,42.87904880463196,0.06712173938480645,0.0402187704303336,0.10779052832369095,0.0034481623281191875,713.6854017874501,124.47263924689076,40.356644692027764,0.0,-28.30565281134244,0.004990715500564359,16.297148330237228,1.567709864451376
2.8531408673966987,209.3149254814927,47.25037167875129,0.09355469906283288,0.04842609919602218,0.14261258983939382,-0.002872783399882839,712.2930942255273,154.97565550946135,55.90431774313353,0.0,-14.626756196888238,0.004584023425561891,13.902786394134827,0.914897471568628
2.9043400664524506,237.10929170061263,49.68661988502833,0.10479060450454111,0.05145736220177907,0.1569378017473663,-0.006441696027272577,712.3628543473758,166.2658021573659,61.53789711983874,0.0,-7.8032098600229745,0.004369787319656408,12.316990246705581,0.5754955291272945
2.8509495069950663,260.7508601932018,49.79330662251931,0.10652891268147156,0.05124106265533586,0.15842312948084702,-0.0077948058637871236,712.715298542544,168.4453073925832,61.25071582604764,0.0,-10.437862420540881,0.0043572057498084404,12.064187483502751,0.5276738708547102
2.854070120042283,269.2933708852269,49.41236309140907,0.10828772578716389,0.051200122007500314,0.16010204176242238,-0.008383011088201428,712.1992133122277,173.893208296438,61.9968159039776,0.0,-16.847251979824478,0.004382938542083597,12.606717301956797,0.5826795170584087
2.8040980725302056,269.0737356383388,49.59867938799875,0.1020764532927015,0.047705522970220265,0.15027373572547872,-0.006608672327520465,711.7576440170766,180.0261439915383,61.232400491268265,0.0,-1.5688505205927186,0.004225877094773659,13.245287277420836,0.9520904251109181
2.665171289258758,260.09252950334445,49.99674028769654,0.08599024738596839,0.040325839963933394,0.1266184451554391,-0.002048219944491312,711.7777644768612,179.91464911697818,57.21223052562565,0.0,39.13617740849905,0.0039940217445601795,14.187370972357494,1.5793049858165544
2.5879878009850437,247.69133110477196,49.8621775656288,0.07556370216682674,0.03615819524421122,0.11193267058481345,0.0010270744354925025,711.8770547252605,176.07574456426823,54.00671166210965,0.0,59.71910034036581,0.003921989763861746,14.861105336441085,1.9312647649938293
2.5017301340673344,242.23524904675764,49.92971367390754,0.06748603468983862,0.03323496487725911,0.10086028075748375,0.0025573188758448648,712.3277548906658,167.66927200559323,49.633476803851394,0.0,57.08161880303865,0.003944749518421262,15.281627248291713,2.1321892688849253
2.286478924292789,238.20026556603347,47.69176532240786,0.05009148688257838,0.026477730908236456,0.07661659563535424,0.007587686526232944,713.2666123863219,147.04640457670135,41.26805282835494,0.0,101.51307403339318,0.00423150856563161,17.328825737861873,2.4354175141073897
2.3486058165989725,227.22259120657125,49.53182461404016,0.05464358512649004,0.029571331115301913,0.08430708283066916,0.004536574353070109,713.2404660528653,138.94034697830847,39.55626423346623,0.0,32.48078219679988,0.004337482890234771,16.885075212031563,2.2232747272571327
2.4295958907492285,234.2197240240988,49.696046466539606,0.06205245585931251,0.03223275846860883,0.09440982527142476,0.002707717841768372,712.8840892337549,150.0837241724633,43.50407843693532,0.0,23.21325769318409,0.004216355719921468,16.05704090010927,2.1190757453460627
2.585481706156567,246.0191061319381,50.753422088091384,0.07581315444744928,0.03635008094137028,0.11236704140292746,0.00020831223210299177,711.7889516136345,172.28916013280963,52.857371812213785,0.0,39.78110271160516,0.00397672616896489,15.063366548531373,1.8935087221203757
2.591602299047516,252.5818990893425,48.63067252825952,0.07546458283482083,0.03459103652828787,0.11028350147175373,0.0035072865238531085,711.104197338422,185.09186702710022,58.25325942858773,0.0,132.34987781480274,0.0039198749068856745,15.980072144466444,1.9813024308628326
2.179222362335101,248.75813575557646,39.676096929332616,0.043406309848388884,0.023692868824890446,0.0672527663746731,0.014249066233846513,713.8642423532544,142.48857764551173,41.86676409547378,0.0,251.86629199838578,0.004691320025728575,19.504068889327325,2.410716050760599
2.118556069954121,226.73063239428853,35.29734650129944,0.034264991809010506,0.02192308220966522,0.05637547364913814,0.01803871510420563,714.2588814048116,125.15338989310033,36.20647595122554,0.0,265.551606387568,0.0051584953233096385,21.329058458198585,2.5064833044110815
2.0038154220174866,214.37755322241333,31.157121638150368,0.022439193214063603,0.019156854802084455,0.04174755007150639,0.02207919772703175,715.6609240004096,108.86273292985267,28.40992522212651,0.0,258.2530158226101,0.0055028671291854165,22.062807426844707,2.7417012357260737
1.9468700826991368,191.5897173992644,29.257263188707068,0.01293443703209228,0.01727665571292376,0.030360050238814426,0.025225402999357115,716.4747467225706,92.56546633409178,22.083458849431505,0.0,237.80838033266156,0.005768046338694244,22.707182136627644,2.9164801203501116
1.9925342255017335,160.9519548168885,29.92965606725361,0.010920778041816908,0.01859580426392732,0.029298576261292793,0.024656661472566593,716.3385039879097,78.90425593436368,18.701668694032293,0.0,157.44575525814213,0.00598621962910477,22.934109314559894,2.921744685188553
2.0943133048055897,145.550690024766,24.140343159134403,0.012078208618361477,0.020055163525301598,0.032281153204891735,0.02868882868566501,714.8469583239147,86.69773394346421,21.188442765002254,0.0,195.29923519654858,0.006359706158369907,25.10140240955237,3.04010196911152
2.0747713469994444,139.69387441741137,30.32144069747167,0.011686478090531138,0.0207128776140751,0.032378573384072865,0.022971647567012726,715.4479949281862,73.69910104752255,16.69939164164019,0.0,82.48370712153393,0.006202023885561741,23.541007736020298,2.9616404868553903
2.1549714685820383,144.81859341157073,32.95986724714264,0.020430941018765848,0.02446598634410512,0.045083626791511844,0.017674204410826774,715.3649916306343,77.63722171348103,18.090455616716667,0.0,22.662943686437472,0.0060200946860649324,22.041671557212965,2.739047961062583
2.205959452435455,153.10204513837857,34.91399347875983,0.027446689000686947,0.027197889571533948,0.05483522793731072,0.014400072383352697,715.6185088094303,83.32276046079183,19.67322394438227,0.0,-10.849359824239485,0.005796835297458787,20.553582598997615,2.5761520056158687
2.334901139293421,158.21194518710976,35.7160742591779,0.03834101001006433,0.0309668846568456,0.06954960986583222,0.011833627186067532,714.6750313710842,99.2429061528964,25.290241206280818,0.0,-20.002436273245763,0.0055787426860546075,19.613456614401883,2.4097078429867933
2.330753773184737,179.6323009388573,38.962361339352114,0.04328194899778239,0.031107195419530685,0.07460997826910498,0.009707334257934559,714.8547534174929,110.18768243234334,29.180816085215483,0.0,-2.6753671476841134,0.005144230994625357,18.17651255608241,2.3137599179287203
2.3477630120374187,202.27722596098718,42.52650102054845,0.04985828593504423,0.03191862565424792,0.08199641426380855,0.007176826993640232,714.8514027385967,121.057273305205,33.73367812913811,0.0,11.794381127591151,0.004794782821574461,16.75559487913006,2.1536674836095826
2.2961088681588704,222.428011158212,45.234572853305416,0.050930772449515764,0.031028529897432565,0.08213831524266792,0.005645972109659111,715.3459632566153,123.29700558685556,34.30899724263933,0.0,17.918227200300066,0.0045993002839417076,15.913940292028055,2.0968110948597602
2.2754949198399506,239.16791096082892,48.10790351768653,0.05394929521970496,0.030967677483315026,0.08507327779113479,0.0036294991313560437,715.4160874070523,125.72735286910799,35.510644433019365,0.0,15.586227669553352,0.004454111144378399,15.330361140812403,1.9870347498599412
2.251255356868962,240.92634800615298,49.69059273704807,0.052863938331301534,0.029705134410385713,0.08271240472046516,0.003810571870860301,715.1215756477487,123.8478234693066,35.72707567910925,0.0,30.921439324949915,0.004440223358553191,15.801053621561785,1.9695174954152566
2.215278410243053,254.25695376763323,52.421530977814875,0.05388503264308444,0.0287309437343369,0.08272976280905282,0.0027263327048936865,714.9160715809581,123.98715457623769,36.30675832579776,0.0,38.45476712390568,0.004382420933451789,15.976698116527476,1.9013712014833892
2.184726145147798,259.5676561493192,53.36632045199437,0.05307225493239089,0.0274400704012054,0.08060706392304598,0.0029997006090110353,714.4874083631003,122.86406595506818,36.449504205816375,0.0,54.78216946589103,0.0044355411997820575,16.815725164291436,1.894064685137037
2.153494054547329,263.7066611968374,52.541557492836496,0.051545120733796114,0.0263909787730658,0.07800817294632469,0.0036247622843996376,714.3168039121066,122.07163300295319,35.833176097931194,0.0,64.725351322843,0.004522742140216193,17.571450116424035,1.9403348508298381
2.144181265483091,267.50913057002276,51.63538878717736,0.051390270369163646,0.026151954065180977,0.07759757880261049,0.0037770960876725105,714.2366595020935,123.73161068002565,35.74747663483576,0.0,65.96499267877867,0.004550900692170015,17.81447463298373,1.982619417977023
2.164120807366485,268.38844588341465,51.696818004890694,0.05253848549821141,0.026466467566396566,0.07904889361266573,0.0034979122613457807,714.0772990744523,128.24181398395962,36.72818195131705,0.0,62.81003904533705,0.004478004705729529,17.58674383305322,2.022424690590447
2.2017984851044323,267.9748192394928,52.66914631814266,0.0544245898896975,0.02698816256736803,0.08143383917082042,0.0027936705867299266,713.8048606876026,135.46345803631607,38.33495484749817,0.0,52.9889848634936,0.0043163006770017736,17.04494190382081,2.0896366086813156
2.2199341836169864,265.25291588147655,53.00042499847691,0.05358747576711633,0.026445870346860568,0.07999099689403721,0.0028458948949323694,713.4861120664634,143.0511233749986,38.8854650971718,0.0,42.17715787552454,0.004146024585508645,16.76390126138028,2.2928640170115577
2.18241089581702,268.4202501785494,50.26384332553173,0.049045727398173554,0.024293395288383868,0.07322313396749862,0.005026962709820797,713.4631207991666,150.41842300339545,38.712652747801634,0.0,66.2405567291749,0.004065769987754512,17.048087712349123,2.5908865999757196
2.027960427041755,275.9143464584534,43.76351155150632,0.03664749852726391,0.019177901579173907,0.05569109612295114,0.0117454429395632,714.3217191515104,146.91046329952997,36.36355492839158,0.0,173.86634889598722,0.004288632078527787,18.62221752479513,2.8807517452815183
1.8995602669609142,277.47366789163067,38.012575356918724,0.02551217864984885,0.015327015030273037,0.0407438451104751,0.01759314611567438,715.7683301859649,134.5288021793707,32.82351166863881,0.0,286.02238108050466,0.004617890616046738,19.985254184764425,2.987409916818721
1.8241020401927557,262.48336871005404,34.96424504587529,0.015638690161299273,0.012982160995035874,0.028403664934432818,0.02225350220336507,717.0481885886085,115.78324710522412,27.737050736855718,0.0,332.03410818380405,0.004919714480658686,20.96842315450644,3.0051738163228885
1.8194915149797524,235.37490999845795,32.98784090463041,0.010199164465113968,0.012562863979359927,0.02277544598853947,0.025730477048693398,717.5114782941396,101.4945389861796,24.541336469449117,0.0,343.74974916557,0.005193342148557779,21.652370085873706,2.99997457603405
1.8587583402584404,202.9791551810977,30.085217192300735,0.007049815470217021,0.012834361425078008,0.019960469134417694,0.02932798680030998,717.1682822913496,93.88741024108067,23.061798982848394,0.0,348.89799850199097,0.0054937081021512015,22.64568680783274,3.0805675721034125
1.9050980849583297,179.63772264312547,27.32078359235506,0.005933464765056294,0.013815086039208299,0.019823487443445444,0.030770833480275164,716.6875963662367,90.94099618659524,21.557771320313535,0.0,314.15971006299714,0.005744294047263133,23.404010489116217,3.2082586983630885
1.9669022588130596,161.8761945511941,25.19338171308516,0.006642345458813447,0.015802846213024108,0.022143103309626492,0.030819088682373395,716.1324696103252,90.51587779708909,20.769022276504753,0.0,262.80605386565696,0.005934734337536712,23.844233919142933,3.2958982522170324
2.0373219556043107,145.38595077906209,26.939262170259607,0.008360213901047386,0.01833487216636277,0.025899196718364707,0.027778094062224472,715.8274447190404,82.72952719959325,18.748579141068713,0.0,163.61821631362116,0.0060390069992651285,23.498346352328003,3.2108323198891933
2.1323812305284213,134.92087016146405,28.375015605750157,0.012680324263652867,0.02185547287502168,0.034719815349570464,0.023521288891317552,715.3160645496962,81.71673322297615,17.90196659642106,0.0,75.88917900799461,0.006070738999704492,22.853690876746157,3.1305508514869325
2.278390973493466,120.96892200288384,28.53991802883717,0.020463507610640974,0.026188181137317322,0.04687562618302896,0.020407486032007646,714.2713767799931,85.49909442458606,19.37410990757559,0.0,15.404969630249411,0.006158343661806011,22.72073401510348,2.983882087305057
2.3923769918794298,112.02995078756538,27.14111024174247,0.026278611243941544,0.02921771857958194,0.0557652056728762,0.01947918495588631,713.4782303183774,92.32605759912133,21.557704552503466,0.0,-5.298608823326333,0.0062468440677472216,22.885527028972863,2.916916178982069
2.288402886805166,132.81939538218597,29.552730618103656,0.02410941747818405,0.02707230520803057,0.05135569861509305,0.01803390424401553,714.4369734802149,94.42309036480631,20.527096512537728,0.0,-2.075705473526142,0.005884162319255067,21.590406128123778,3.0072815619437607
2.32532420806559,130.21805626542024,29.811718106259583,0.02606915006844386,0.027730548570835643,0.054007043391347084,0.01811567964742941,714.1862171336641,97.40286719875905,22.16131765543832,0.0,10.078311583684922,0.005839056385312292,21.51127733105459,2.939700138921683
2.1700255584975787,148.65075903472905,34.203438410677364,0.020199316905124016,0.023656087533430056,0.043964035658986794,0.017515473785883376,715.4194916831556,91.15086172515697,19.943494698117853,0.0,29.38208246192508,0.005505777017341435,20.68719978573161,2.9890385835175697
2.1213042237017325,152.4915618071389,37.14150338793948,0.01825102143405163,0.022018882436246487,0.04033757095408144,0.016921766826200797,715.5314477139922,87.42285092790682,19.20295565972871,0.0,31.08919697132717,0.005383790550283413,20.634595714262456,2.981951947119257
2.0466019839290728,158.89656737067608,39.915324449316515,0.01471399174383438,0.0195650763790475,0.03429500822431657,0.016872726564255567,715.8710306277811,83.74415733399685,18.218518330823677,0.0,43.66758768639504,0.0052276651182672435,20.517114997113495,3.027701739935846
1.9914090402871039,167.5314871438816,42.61513201668914,0.013688527907631396,0.018271063735087346,0.031946247443677925,0.016041953230461,716.3230525162423,81.18400246534868,17.774413372064735,0.0,49.035506732849,0.0050708675313209245,20.041207149876218,2.97284788699318
1.8662722337980753,200.98748663811898,47.953692841558436,0.012944515983863447,0.016608106419449632,0.02954083775954039,0.013706993514025628,718.61944886081,71.8048335193999,16.39233367351118,0.0,67.71988094043687,0.004836627734034003,17.995891973129858,2.6396655183976945
1.7442807822648523,233.98070216336646,54.759608319440645,0.012339369290170096,0.014846280877401127,0.027137930277361045,0.011008674562675028,720.7112074276267,61.02913169319368,14.542808222434964,0.0,76.9958584538952,0.00466153531817518,16.224082930814014,2.3019960852109103
1.6958655713582433,246.1990856474239,58.66962245915856,0.011500055724030516,0.013344018322741371,0.02479750615830021,0.009977657279011795,720.9879183141255,59.026687494720775,13.981576500540113,0.0,78.3969685797041,0.004537083133010249,15.888307331261709,2.271020316265613
1.6879934837380235,248.3593636419099,60.42010635688595,0.010247543535084934,0.012436489297473596,0.022580076096847722,0.009804704499285014,721.0005499582145,63.55142342189381,14.171750945801282,0.0,73.92753799516393,0.004298265489409034,15.2177087219879,2.4398084286956574
1.6932374082366823,248.72273881629027,60.35181983891819,0.008917539194043908,0.011760098098823198,0.02050203138210328,0.00998599647688825,720.914535430744,71.34605312967159,14.454336970744288,0.0,63.8118631781348,0.004048701968330968,14.525860573227211,2.7092043577124363
1.8284892590380533,206.8704300489776,64.00434204858932,0.012700304849484336,0.014914428840560915,0.027557394278762505,0.009273872825858868,720.0662479975643,67.098826713587,16.836400831417652,0.0,46.342863539799836,0.004017106501594652,14.054603576182322,2.4468530667947435
1.7857687406995832,220.63672789401357,62.442145726098666,0.011415655157230049,0.013525664079020025,0.024843152681301165,0.009866523938116807,720.0714497715057,69.43773025884278,16.45543233561787,0.0,60.57176887573351,0.004051562207867696,14.572907954464345,2.548290298001128
1.8377700798749832,201.779038380556,64.68983582608746,0.012696328772517125,0.014831357627324482,0.027481325664819995,0.009398788011563361,719.7490572230574,65.83560638588283,17.01749855241888,0.0,48.693912871218956,0.004047346757005744,14.39803457970997,2.4200503626606666
1.8389432549142586,197.57586677267824,65.4853451119542,0.012590763472425512,0.014827945002856575,0.027405806816705743,0.009589517822572514,719.7214502234671,62.52345219208926,17.041105184786385,0.0,56.60155432833007,0.004100496039469874,14.609867434527587,2.331471019176412
1.9027530842923888,193.66092372454858,63.62767321358611,0.016914365015282443,0.01642606055559268,0.03335528540107455,0.009746891657087371,718.781978806512,69.75896817219251,19.817770911757425,0.0,67.51847407349865,0.0041155344538228375,15.021436007340535,2.3155965183313363
1.94777043676336,176.67257991066023,63.763536147940975,0.01743736246194529,0.01656824736695832,0.0340745821270968,0.010976148267908471,717.7202588742645,68.96103344069465,21.385390599155535,0.0,89.93474358069044,0.0042161431889897695,16.11191660928048,2.260043692707921
2.0250858997322556,163.52518619036627,63.560855777664734,0.019862666927888642,0.016937527986650797,0.03692673096513942,0.01228866238059325,716.1335264197974,72.47602215470856,25.16065002292176,0.0,125.10038051286688,0.0042983375670098455,17.46886750208007,2.206011976152846
2.1106284529340376,156.39804705354595,64.68537834331639,0.023857470065939107,0.01777401793681161,0.04178293322346828,0.012214982079105471,714.6516011984213,78.67375629654968,29.153338974258116,0.0,138.342324020427,0.004262629104128139,18.156194996303345,2.172246503672335
2.091677002369873,153.8517235029838,66.0259062064192,0.021984926040049507,0.01729051878807036,0.03939402767693644,0.011701716348977922,714.8684436348686,75.38563423188943,27.111933519892435,0.0,115.15872847430937,0.004236863430530558,17.96696541417279,2.22061953981349
2.143909669421271,152.32549738247107,71.32433933352945,0.02702023762299853,0.01967473154644087,0.04682032029884403,0.007978834190193922,715.1589586185837,74.3512727646553,27.207277541792518,0.0,57.17406596605964,0.004028718399066751,16.25965399234814,2.0530119372885083
2.284035030959859,167.98542116635343,71.44176542397682,0.04130339384078996,0.02391425287268613,0.06540366389494366,0.005200446062047342,714.0737778176085,97.29760040004491,36.261893644461864,0.0,71.80478098654653,0.0038112354531093127,15.33344260554212,1.840269739000226
2.003647007827023,186.59278067269943,67.07796175168087,0.023785007750139815,0.017342838014151235,0.04122000092222625,0.009772496059011402,716.8305780108734,78.94766202165079,27.06269380076197,0.0,120.02335762133893,0.00397727742106898,15.650660548744188,2.1357077347527897
1.9496085743579459,181.06961267510428,67.00620075963113,0.02052940587338402,0.017910138432650435,0.03857389427013284,0.009268056903649489,718.4805381004267,64.49588729338079,21.791570286198418,0.0,85.9098558339925,0.0041516329741137685,14.978932906879361,1.9890566344396126
1.9714281565780936,182.28969541047658,66.55960932175635,0.022705384895407875,0.01874214148390016,0.04159115425146948,0.008811758848772954,718.2032423102252,66.46237412704899,22.615053357201216,0.0,81.63000061625782,0.004177661371655093,15.08671279101787,1.9558733100383523
1.9111464735650203,185.14396009164795,64.89188891733835,0.017389183793965143,0.01673112250240637,0.03421775845105015,0.010194024907417314,718.6945668826468,63.12218823676719,20.21295109001001,0.0,88.05637760463105,0.004248046999782728,15.514948921097247,2.101331719420516
1.9095564906736164,181.46100022543573,64.64375254167294,0.01643769847950971,0.01659325692067247,0.03312187003965361,0.010333875994244159,718.6449829798853,61.71415577407657,19.520517539737817,0.0,80.22513887372104,0.004288087685772415,15.711187955787533,2.1319895663506214
1.9096283040566027,181.48194687810323,64.44719017851409,0.016128459435843883,0.016383739782336697,0.032584057432125356,0.010364134111949518,718.4871841540946,62.812235698598826,19.42580421684362,0.0,76.51348737939009,0.00428106621689217,15.840772344675827,2.183841404066521
1.9102617943740616,182.32275940849325,64.14680363243167,0.015962755400858022,0.01614099415870635,0.03215961170115958,0.01051871979205318,718.3170340738501,64.51541094558672,19.620579683256516,0.0,78.1563223797569,0.004265473229639308,15.967722156623104,2.232437565667165
1.9177421962423902,176.63016920193814,65.91145765472204,0.015678559503189204,0.015951312323908257,0.031689138430869304,0.010334092787308577,718.1434351100604,62.961852770002125,19.643468921184756,0.0,75.1273362316733,0.004228941263836549,15.953276973837927,2.211885495614043
1.9159142776370486,167.0844115630751,68.06474497688882,0.013885833560855577,0.015143344739816114,0.029099858937565528,0.01066580247610029,717.8711851953426,58.385285381870936,19.166043538170598,0.0,78.10749708935828,0.00425043753725012,16.364043762598037,2.1802784677864535
1.82433374290559,204.24327627518704,67.34869374972706,0.01297890395079437,0.013563588219058096,0.02648191941210192,0.009594760791683072,718.9777262755708,63.62830374335893,18.084017967189496,0.0,77.96617714711934,0.004105470373832815,15.485802185704355,2.3072048134417313
1.7834396116962454,219.20094559363852,68.45790772011712,0.012899811119506437,0.013066828164701522,0.025834875228373785,0.008866161682769356,719.5869920140718,63.308000978542815,17.665479943701698,0.0,80.88749257352495,0.004037575451439561,14.955214174121295,2.272406025358413
1.8173887981350478,220.90605664035323,69.08977321418799,0.01669950059623483,0.01445263385870909,0.03111759545722579,0.0076879671737226495,719.4413596404759,66.34381309077023,19.008842735431116,0.0,71.7249794177041,0.003978953932998425,14.48552605985315,2.1898657362299723
2.018028621716744,204.3470757926595,69.17499626584028,0.030910339599415255,0.020590415750442407,0.051593875590445294,0.005341976887617674,717.6257231874424,78.78336522687222,26.34130561925543,0.0,56.2266640202256,0.003926309193739975,14.089340179078386,1.9126934236730602
2.0965125046519084,209.34754111068702,69.94675448679253,0.03785738470541547,0.023104379007303534,0.061095693283329866,0.0036736809058754514,717.3125115788259,88.56153785339308,30.346008462176528,0.0,53.18093467126609,0.003781697137716999,13.15693821508697,1.7844708069341213
2.0378830863479647,222.17537596599607,64.9951740747791,0.034466656078698296,0.021817054955459568,0.056394955452422776,0.0058472775101566215,718.1564085928113,93.54038913798891,29.90390859211382,0.0,87.50931997406775,0.0037870148750300298,12.999420574632463,1.9518165588332113
2.115364152231053,211.02357508342155,64.24988241235761,0.03880108224630363,0.024285626456645868,0.06329810542374474,0.005607455480217814,717.8053439283022,92.05791831650365,31.91559600237679,0.0,89.45064255633794,0.003912071363373061,13.130979513840224,1.742546532989904
2.099870153804656,216.61663310497886,63.58761832499965,0.03885912880978107,0.024086067370606958,0.06314792725987717,0.005642194531262183,717.8458738858881,92.74105469598008,31.831489105631075,0.0,93.47404458140224,0.003942663078747021,13.292717705333995,1.7464102107905108
2.1251779160815616,219.13685874329187,63.559939298569255,0.04178937323464744,0.02513293778313865,0.06715079737163379,0.00499647068380909,717.6283718681009,94.31103453500555,33.075419836529434,0.0,93.02273119474553,0.003976050142041268,13.333401082741078,1.6514123505138911
1.9332792955501281,199.5255822278123,49.78856808615896,0.01834847362443265,0.01563932168653834,0.03419811618312021,0.01807046270640269,717.294219113804,82.43744523610485,28.545196394448013,0.0,290.7761068740826,0.004637189992496004,18.69906814924522,2.2220849089490193
2.2228852633180427,178.63575354743136,60.0582736212551,0.03998075084832055,0.02503830618928078,0.06535102032852604,0.008925416280346536,715.3190802176,88.53279525658795,34.8414542982279,0.0,134.45597303194882,0.004417903854414945,16.67887143421939,1.6406016761714266
2.0071695021880727,182.24004034263845,49.070564843383,0.019341202175945454,0.015203710449585975,0.034753360832507435,0.02008248358239928,714.9697678460661,89.64138740199212,31.968084951304352,0.0,322.6015803853327,0.004757719664540648,20.900289858051515,2.3346457094229844
2.006201480704011,163.11918786584562,45.70898214722172,0.014538036512834609,0.014606651381746103,0.02938629984102715,0.02347636097375124,714.6636089357445,80.78875393831025,29.309312687368234,0.0,329.5615417478108,0.005105083732001242,22.498116096567596,2.4168448469606663
2.2374267477957694,161.92828290951434,53.142475185036396,0.03386301890031712,0.023022256935331192,0.057116281707371944,0.012352928076503443,713.7202131164996,94.31901777152093,32.78430807583912,0.0,127.56791991812715,0.004705407140961163,19.512153587083937,2.12955656523975
1.990669599660513,167.07086264012872,46.97142395476914,0.014153063781124424,0.015294234746809503,0.0295513959843652,0.019181058428050197,715.2125410322998,82.48060866673953,24.67843173834171,0.0,203.16034100276494,0.004916982894739872,21.22138640019132,2.645759870744335
2.2067868779771045,170.6301180820165,49.223860228444074,0.031988891952373456,0.022131006645305578,0.05431708341159013,0.014012292346993901,713.9366055810663,101.92371928069794,33.139896586235956,0.0,152.53855620064007,0.0047022914179043395,19.605088150439737,2.309447448042724
1.9526549288811716,191.09126222093286,50.969893262416086,0.01830090732405483,0.01761673596976686,0.03596919028721732,0.013690988725294308,717.43609968291,80.70612750731568,21.88016494277805,0.0,111.79567544246112,0.004572463544817568,17.653043079905146,2.50532878621899
1.914857652757149,207.07304720811823,54.87147715220236,0.020776894721843346,0.01918275343855963,0.040047235992281716,0.01056791633245744,719.4929108224617,73.17611370756235,20.290832967023697,0.0,79.70298573684308,0.004418807981903068,15.194759098697446,2.220573191147852
1.9146336877475743,212.63989486937254,57.44424646059951,0.022972404566749663,0.01995451848909117,0.04302146633247156,0.008874976032362187,719.8853762000299,72.09177283535104,20.336162968635925,0.0,63.3886224678251,0.004324825105401051,14.337493097460682,2.105370351004287
1.986261406016829,222.80534127841676,59.184871079879706,0.03224015241703468,0.023166134874839716,0.05554241097795727,0.005892201760171087,719.4292537269524,79.69811871988442,23.828078963693688,0.0,43.57444175931805,0.004219105284411028,13.449890503242893,1.8944073006606197
2.1722491548671163,231.71471730467144,61.598041324222365,0.04881028194834223,0.028496127188834233,0.0775349389864628,0.002033121396194555,717.6411651003723,99.6027475600082,33.14379007404037,0.0,37.22035632221447,0.004061695752373304,12.790686275866065,1.5586868454367302
2.101259384796264,228.43313578486791,61.6736936186242,0.04010453535294838,0.023883944342333145,0.0641300015867215,0.0055212077010858875,717.4198320771268,103.38008760975646,33.03574044604322,0.0,93.32544528157017,0.0038823213880774593,13.454845981106766,1.9024869945090777
2.2746078631124886,222.59424639005027,64.82238857372411,0.053455042014034115,0.029006882052190007,0.0827228307363757,0.002048230079759225,716.0575567599625,111.74473352492754,39.42661717058613,0.0,70.92145502623632,0.003827119200532819,12.880199558805806,1.5246710128219279
2.1356011646275825,235.24084345038466,59.089562006063275,0.04139773193643769,0.02249270308265324,0.06401090333163219,0.007893808113331034,715.8652921990029,121.50001827394335,38.751559686085194,0.0,161.9273640747973,0.00379627216495659,14.668686714792535,2.0822797109487157
2.226367240494515,223.88027065696156,64.91223611100487,0.04963896193751738,0.026900530839493276,0.07677028448659211,0.003437852432386472,716.0276555495645,110.19684246994828,38.78003358908704,0.0,96.24469833639301,0.003828324377214663,13.459894958552978,1.6159134710841747
2.149871245816719,239.15521429449336,61.367452468305146,0.04450929196504814,0.023873294871603647,0.06850996640563183,0.005732213368698875,716.1348348288974,119.85005746348303,38.491636093955606,0.0,131.39874799665048,0.0037428738772461523,13.897607723719567,1.9568330423007194
2.0601707453978513,246.78651997440664,57.44284933913395,0.03875724748172954,0.02188433078238854,0.060760472871876775,0.00821817943839331,717.1857276701529,115.78267945600686,36.12080442789063,0.0,165.6894097925962,0.003856477104166002,14.158498703480495,2.060142118782994
2.11755026491698,242.86035204839334,61.185544266446385,0.045074888279450546,0.0253389674611291,0.07059765888275707,0.004527227800954475,717.515972266324,108.17162000783746,35.55434714902064,0.0,106.72441565836594,0.0038819207150095052,13.085353728403357,1.735606276063312
2.2518164554837443,235.000785359485,61.63501412755438,0.051917975994243706,0.02736764554053691,0.07948976673727641,0.0038928179434271973,715.7856552839874,124.60711855956868,41.52571494339763,0.0,111.66073935436489,0.003721021952045496,13.170881717317455,1.7595871530041676
2.261683767453697,228.95640355149112,64.60045942694912,0.051361412482485706,0.027230837964577183,0.07877109721871559,0.0030216195288399403,715.8278426583884,123.82503181771546,41.040667552625386,0.0,91.23196852213445,0.00356661452829655,12.5183903578037,1.794523329801957
1.878798740024807,250.97939760347958,54.967355121931405,0.023844172505991343,0.01734594722794223,0.04122115626767244,0.011112004983273967,719.9718022083931,98.99777005153103,27.091906874781138,0.0,167.25158248927005,0.0038708969794703117,13.350444146394636,2.354350852905316
1.7439912582926422,245.18566393095224,52.69799334626475,0.012994540379546378,0.014084436834051407,0.027160304630295378,0.0140580299785057,721.3946785561171,69.22093511568542,19.418976232426814,0.0,195.30675539029693,0.004444048643127367,15.3528533199097,2.2036753183946236
1.6916706116809976,242.77806854082314,50.53305628069196,0.00849580766374939,0.012433648110004428,0.02094531984846196,0.015463474557283701,721.4551926476828,63.62113583319568,16.35211767527143,0.0,187.24576914347824,0.004648898356364353,16.52670388008109,2.3513450949823675
1.6852450087016955,243.63143824502623,47.79737358463732,0.0071956756493372995,0.011953984977841895,0.019147247567792465,0.016856613480868476,721.2844663121172,66.62604185537481,16.21531474666723,0.0,201.86159641910206,0.004722250081199999,17.131172144974293,2.489502153215124
1.6965771187694159,238.42901622225043,45.45307301051651,0.006445741973577351,0.01185491556222443,0.018311663508663204,0.018406044833291568,721.0340455953162,68.32235175994262,16.646663972111707,0.0,224.78738703722735,0.0048071539836224775,17.725114166565653,2.55338141442129
1.7145524085353632,229.43349644637377,44.06261502685506,0.006013679340146002,0.012051355266554216,0.018100732732411196,0.019666197703103926,720.7898822101896,67.64328197126201,16.796307275069594,0.0,235.34223167139623,0.004901339224521485,18.22328748154736,2.5614811613873005
1.7283975746870877,222.095500839529,43.43897951506164,0.005722782913128457,0.012280731704714448,0.01805272519889812,0.02020018611990135,720.6347985210423,66.58798124311653,16.6096425567845,0.0,232.10765285615543,0.004959800664272903,18.481485070113862,2.5690073781427607
1.7443277760944764,214.7901151683062,43.22904130922257,0.005630148995422903,0.012678815053871417,0.018364653120576783,0.02016126198469987,720.5486151225417,65.58344027027256,16.201115185139944,0.0,215.68826806316696,0.004987080835113476,18.494953534143765,2.584084063220087
1.7691341780386518,205.4186573506638,43.409101617675475,0.005868520314320184,0.013422219967468008,0.019349705113100052,0.0194948579330524,720.5013071096741,64.55657086901944,15.577827200733147,0.0,182.0978810612901,0.004985332126497304,18.23391476472043,2.6053296783539603
1.8015494785959798,195.90482890967886,44.086182117077065,0.0065985426570885275,0.014729741351574566,0.02117332127228482,0.018185618332903598,720.6064281879815,64.19420583272242,14.929115677767296,0.0,139.89720294325897,0.0049215511801564,17.502916933314545,2.6288347356949293
1.8290600819913267,189.28016817175032,45.34254698934803,0.007576363329871642,0.01608368099353046,0.023228443961283783,0.016682391320698712,720.853703624949,64.04126587132562,14.324416262562615,0.0,99.46045801094105,0.004812398704257194,16.492488059804927,2.6383664437445686
1.8515028699432423,184.66066831987166,47.198327546412415,0.00862985757010187,0.01715977373161468,0.025132412878813536,0.015077992038400835,721.0789434407864,63.976951482769024,13.962106596245084,0.0,64.21835390345154,0.004675456856351221,15.464093191280615,2.6313156322683846
1.8686744345652064,181.64578938616233,49.05177617333384,0.009535413031322233,0.017854891117293464,0.02669845999747013,0.013777188418746533,721.2236040093976,64.24997469072765,13.912229193168601,0.0,39.93005478552375,0.004541626798264416,14.620634967074166,2.619195373339972
1.8827576381722957,179.19756466375944,50.55417209694806,0.010303581258859464,0.01838800130101552,0.02819529426694578,0.01295272602478353,721.4085806019448,64.42447728960842,14.20038344803197,0.0,29.097732979950933,0.004424798751979565,13.885273821825876,2.5852594079282043
1.8867671392926588,179.06037803803954,52.3031839955949,0.010915887091710597,0.018694032318212834,0.02928553292748288,0.012429286913352927,721.7250458227535,63.630469914192716,14.633382351983695,0.0,30.750235347111982,0.004330291461936298,13.217193166358129,2.509200391353946
1.8813585811007694,180.54431728502874,54.6306182994285,0.011429708917601396,0.018682426792034912,0.02994791982053954,0.012035751673143018,722.0311443650957,61.45541081824551,15.176119595928775,0.0,42.1678364986998,0.0042588111688561595,12.72379184887711,2.385739119450515
1.863217806226492,185.99755469195878,56.52982367265709,0.01160251999356926,0.01825662962965873,0.029748926218553403,0.01167693836873555,722.2480312098445,59.77260400331282,15.42236955143501,0.0,53.16124716359111,0.004215150271043246,12.50841706902106,2.2990179486620006
1.8298672449245783,195.93592150827013,57.96495390236271,0.011391871753367732,0.01767234716102053,0.028895981280147,0.01115860082191672,722.7081214693628,57.95980284003673,15.053865064979545,0.0,58.653668326120595,0.004177728005328351,12.184918567852746,2.237115245360708
1.80076099324679,204.24255888507122,59.098035025019364,0.011236359681655456,0.01726502253000853,0.028291697239810155,0.010648357969518232,723.1232428756464,55.77664537117628,14.553791013592818,0.0,60.76011631735321,0.0041674788862407774,11.948712483200701,2.174190109277979
1.7823043165966648,211.13495843926125,59.725726126528656,0.011518874739335454,0.017084117913282154,0.028461180695852527,0.010179675814589633,723.2927866588233,54.60149769384359,14.309716661497763,0.0,61.27518005191541,0.004182829455399672,11.933253885587613,2.1230917826458695
1.7709433119636924,218.45950582822056,60.116717832610775,0.0124244086383163,0.017243570391916416,0.029755093991148226,0.009552358187312638,723.419511849537,54.14426160452119,14.305141114833571,0.0,59.97564851067487,0.004202405655565044,11.885726941976555,2.0591715036992557
1.7739285553649542,224.48871426590762,60.33188947352175,0.014509478721796084,0.017955244402039765,0.032589599043767306,0.008787934432009417,723.5524638750004,54.6819378720745,14.74964791308942,0.0,57.60340559759601,0.004203003017735515,11.638595481396997,1.976407370955601
1.802148532117824,226.23788786902182,60.33428182339766,0.017672375144945806,0.01938444860083866,0.03720659246930739,0.00799640991363076,723.645103517952,57.10991013142262,15.914365725000433,0.0,54.00666347783387,0.004153209698851155,11.066557999054801,1.893013415641104
1.8409158284094664,223.2787504319904,60.15421336846391,0.020256560845944554,0.020629476282430146,0.04106349068392052,0.0077601560041281464,723.5812538821577,60.8312644383232,17.510416738081506,0.0,57.119793029671,0.004067042233623818,10.511837041510203,1.8548977977204077
1.8286106204959613,223.08208874952555,58.376132587988,0.017992111701502864,0.019275104707312217,0.03745022803328945,0.009825431872271133,723.3751292655389,62.954036882902194,18.43512543305331,0.0,98.84798792379534,0.00408358513179553,11.119873873795942,1.9318934827097103
1.7892431997200857,223.18691311002064,54.273637472016475,0.013550921500125395,0.016989468695032862,0.030752985597149105,0.013478258493304212,723.166521197868,61.48798103088117,18.740474967002214,0.0,168.16943112521122,0.004298871344106488,12.785923829397984,1.98394540965915
1.7660978283121926,215.61296163115279,50.45358939663271,0.0102208525266419,0.015251172935680422,0.025351699328215467,0.016805311969459974,722.6662815095541,57.122395736611715,18.498103707662462,0.0,234.1262940204283,0.0046110315123057835,14.859334876607797,1.9869103984340166
1.7595887331050535,208.91662593433105,48.30070543134192,0.008285977139772424,0.014141605004714806,0.02253347053596394,0.018823454575269852,721.9730208682744,55.54122758506586,18.19002059684962,0.0,261.90827773603326,0.004826366366109434,16.47848775406474,2.051370178058365
1.7680447308389389,201.872549612796,46.43821913251057,0.007137611328721435,0.013640036942237749,0.020969443614866294,0.02046283672440224,721.3142012687584,56.1641570000389,18.055500511031543,0.0,270.94930770786516,0.004961272552575423,17.60391709236175,2.1490755406610575
1.790011379622382,192.43757003186246,44.36937619420162,0.006414516806673684,0.013603632107354428,0.02020689748090041,0.02197772492144062,720.637936518028,57.8194087296186,18.105569383643363,0.0,273.18402300013526,0.005083559364519038,18.54252270337265,2.258573959395294
1.8162280462594835,184.13684685333763,42.27975429874117,0.006108908336795961,0.013831594738865426,0.02009001154489918,0.023100712383873193,719.9967450512738,60.43731722033942,18.186445951018218,0.0,267.04247716604664,0.005197455580217374,19.283471705380407,2.3786812507132638
1.8458818381682107,176.8962099102469,40.90152995325761,0.006374335953841061,0.014513911427376581,0.02088537688486394,0.023121802436985882,719.4956974220477,63.134838513781105,17.95533441516855,0.0,239.19199422060217,0.005250015448645263,19.599927074031907,2.4947472864169287
1.8841882350861745,168.57704794199014,40.54915324527193,0.007360532922493599,0.015866234912639245,0.02292696263685059,0.021675253770942277,719.1128353894755,65.22880008299344,17.179841298291358,0.0,178.01573027861437,0.005240928512821677,19.4241204628549,2.6034931331940925
1.9282421417598905,161.12107384312094,41.25968930489909,0.008839740858147302,0.01753130024106305,0.025708850765415712,0.01930153516289118,718.7559244190072,66.79835954028725,16.252875645899795,0.0,112.62438926053028,0.005176936600678248,18.929047966011087,2.6935061640978533
1.96413719992414,156.54473198133502,43.68529107901693,0.010629514422544034,0.018898479054709275,0.029162763520377964,0.016717094918741945,718.5462375795265,67.73797295631636,15.674538216504615,0.0,55.38225853942308,0.005014226974756449,18.085895877533908,2.7256528583314212
1.9796941147134781,157.70319958845613,46.72013047833815,0.011949209412942802,0.019357098256799432,0.03121978632007904,0.01456773410828922,718.5468120141358,69.53546834205392,15.634425348851494,0.0,19.86952921874871,0.004805178409532868,17.086998116493284,2.7456636323174965
1.9719219585937646,160.6361722137633,48.983984384359296,0.012174730239561393,0.019175930358779684,0.0312967019082798,0.01352994204136289,718.9052460101211,70.47478253732818,15.808368847643948,0.0,11.907350244684068,0.004611146324737891,16.117024400980096,2.7422591391442612
1.9526048252445107,164.08636923449473,50.89316665085233,0.011949511981897927,0.018882723391068633,0.030724963586372445,0.01300130641647839,719.5701099180172,69.51711613575625,15.918295781020818,0.0,17.520325167166817,0.004454203854464639,15.12810947975472,2.6865732682674426
1.9358943018987418,166.0092053345749,53.45864214339623,0.011749614040136809,0.01858704033193529,0.030205942784154022,0.012685103544379048,720.1865738410746,66.62538316807554,16.121071469155922,0.0,30.7029771877516,0.004346349088405871,14.36688313284202,2.571776282783323
1.919425722343651,167.3180044246497,56.097208201551744,0.011512980701163071,0.0180226677315677,0.029374565340585024,0.012576611248315828,720.4711875276408,63.402281622830436,16.475332430049164,0.0,48.431611769652704,0.004286563984889402,14.06568679549077,2.4528716537123945
1.892122497427881,173.65920906192656,57.89139661128581,0.011091830653733686,0.017184710618607282,0.02800660703005857,0.012360800680284483,720.6753394028996,61.81061062196993,16.45716460077019,0.0,59.99716772995298,0.004243623699766775,13.96152323390782,2.401136654408681
1.8602199575979133,181.2763505572316,59.290055725105034,0.010587039601100048,0.016629352487734374,0.026820591383191875,0.011975036574921329,721.2016530513714,59.31682050691666,15.934128996780936,0.0,64.82313080186415,0.0042074602334201275,13.581336840803107,2.340178491614034
1.8406351184577168,186.88856602634613,60.24084168806261,0.010620934173256106,0.01649453375656029,0.02673343815062072,0.01152028011433558,721.5877732479156,57.363586408158056,15.569685225814176,0.0,65.45128576762617,0.0041942191317490265,13.287121805599705,2.276752469534477
1.8344340427432435,192.70346697746947,60.66426860764398,0.011601357154675697,0.016833762619725558,0.028303511972574934,0.010870948210881796,721.7616398563567,57.00389226853187,15.613874833230419,0.0,62.62047724676566,0.004198104789479774,13.105453122490303,2.2124564846581816
1.8400881565464677,199.43518253286032,60.845032228943495,0.013979244733877422,0.01776377138678442,0.03185515794359022,0.009897498450948575,721.8822752208926,57.66465470055815,16.081298398296198,0.0,57.04069700900162,0.004206325174525176,12.844481712981128,2.1176337991357186
1.8696900335533941,203.59962361484227,60.67027527952312,0.018245817577798897,0.019634008356481,0.038027307037195944,0.00870249840435178,721.9741688271369,59.59780017548422,17.230114788561114,0.0,48.97267224074507,0.004202418013280591,12.341284052163614,1.9842910082911287
1.944606064192934,202.90586182426466,60.01685827036691,0.02554728400517222,0.023159670790355774,0.048924229472558166,0.007058590827345194,721.9266791982557,64.3791135488592,19.69442878454202,0.0,35.13219152642779,0.004163692906823538,11.4145463531925,1.7963684375877773
2.0024417681738247,193.66988825421018,58.25938808643832,0.02757297066632442,0.024079728012585375,0.051926372288962436,0.008132793126438418,721.2037650771929,67.72219592282389,21.841696065528357,0.0,58.10469757454959,0.004226333949173967,11.967699936018134,1.7626175491927591
1.9842542190172128,186.05670236829374,53.72268554122891,0.02278586532022718,0.021528815896973127,0.04460499563818879,0.012478033974903702,720.2283400620507,69.4611859529145,23.157293386400692,0.0,129.9418486842926,0.004432269562640095,14.173504883759696,1.9210114347367284
1.9477655511668122,177.86575553481345,48.316378921058195,0.01665169736489571,0.01865842725152138,0.03562792524234287,0.017455436165988,719.4547355005601,68.15221162562423,23.3387728138361,0.0,217.5376251547266,0.004755727350373811,16.83116013566598,2.061565282458991
1.9223774794284183,169.24600032467006,45.299118439380095,0.012005462378602408,0.01666309994357015,0.028867789734984217,0.02120380220686745,718.8671230336871,64.45671146461784,22.408304881647283,0.0,269.39299733633595,0.005040743870377602,18.907829090365727,2.148328161522304
1.9074690296881414,164.449796718571,43.26297004421077,0.009450758917952367,0.015345599544308855,0.024704165705516895,0.023675611322700133,718.3443060624481,62.49946767386466,21.634406334154107,0.0,293.0517303921556,0.005281912291210952,20.34046337089397,2.2419535157229147
1.9020461313098647,160.4312719321112,41.364299623224575,0.0076022496862705275,0.014552630724031979,0.02221646355942522,0.025570156132520873,717.9850666290293,62.18941204845636,21.141998459999826,0.0,306.2880854832969,0.005437931444151454,21.246766761279577,2.3417094338915314
1.9051343477448173,157.9699192552674,39.23451354055961,0.006496774974722935,0.01421493711482471,0.020828962399281677,0.026975704625267723,717.6715721272991,64.06931497215307,20.890827819611193,0.0,310.25870707772333,0.005540904885349536,21.855609273434084,2.4630472850443232
1.9115533482409919,157.33757972317767,37.7366907097357,0.006175223131271823,0.014290432788446737,0.020545112999841714,0.02724638462139088,717.4280047977356,66.64638284212589,20.48065210481559,0.0,294.5834212029156,0.005583532797909131,22.125387489033354,2.581563585217634
1.9313367571951165,154.93765001651832,37.12939771739825,0.006777404224301986,0.015195883186211807,0.02184189372858176,0.025945875628401196,717.2260100109182,68.60036264987981,19.47027342730449,0.0,241.50424518662044,0.005585546887786183,21.992466522307623,2.688486531793705
1.9748447809521903,148.66196825528874,37.5803651732356,0.008257366838338838,0.016830300918106156,0.02458763165801773,0.023318847364760642,716.7642613104342,70.13876633179747,18.13625669090886,0.0,155.31138765720343,0.005565229006930891,21.703333767493064,2.8007046856700413
2.025255486626535,141.88895152608706,39.85137525352731,0.010106475753952697,0.01845687579581854,0.02809723013616633,0.020036515710132975,716.4550004190845,70.22364126953823,17.150114214854366,0.0,87.79442927715132,0.005446203110994413,21.020544019128703,2.8365442643905165
2.047183355861877,142.17390343494898,43.38651482064894,0.012054634495059193,0.019447832962142066,0.031471376046761576,0.016834830667963475,716.4932934044937,70.53059825316976,16.650340926772074,0.0,36.369275270236145,0.005207004120268059,19.93461335318139,2.817726882227821
2.0346013041708457,146.59625622732017,46.658218242197826,0.012631450150029897,0.019225694590393604,0.03189823991016484,0.014999373989616878,716.7248588287019,70.8929365135603,16.45012624639181,0.0,14.522098205781447,0.004968009127116963,18.984219505850067,2.8101627482311486
2.004257052100383,150.86122586946078,49.6261780886812,0.011984073524856973,0.01834632205560723,0.03020641371300437,0.014029877850568983,717.1779311541435,70.02684505092674,16.22837535207444,0.0,11.333671738822147,0.004770883026926282,18.096709657185727,2.7958267302986837
1.972165208958557,154.78529429067083,52.56125330747184,0.011291213004296904,0.017615849327306185,0.028604513298416956,0.013430418539575611,717.8586680285154,68.22981021078053,16.14865623036706,0.0,17.943721912168627,0.004593116172778139,17.112364151032637,2.739802770350953
1.9518290615897982,155.995633900363,55.68886109689479,0.010876854237877279,0.017136084109245657,0.027631967780814205,0.01311900263764118,718.4812636541247,64.9824122080004,16.385906706833623,0.0,32.82255244547318,0.004462744015814547,16.299221406998296,2.621496565253928
1.9313995905584722,158.62964487034995,58.5117816772206,0.010541404135852757,0.016453429066312295,0.026551620021479164,0.012919869650351225,718.8740362768286,62.28234184826234,16.72182398230814,0.0,50.13030718979752,0.004367342832866958,15.813593624685357,2.5154367175631482
1.9044588382180307,164.48445349345198,60.26130972119507,0.010143760417507875,0.015703905319891766,0.0254651930939404,0.012634718717178084,719.2087459413825,61.229432877962694,16.70982221164892,0.0,60.078061541640224,0.004293936206021934,15.478428285847876,2.4735423851883893
1.877358504449428,170.42458403459244,61.628388323130736,0.009804593746410583,0.015307509302854913,0.02481120521692971,0.012233414787155983,719.7754206764099,59.31115338631132,16.354840980164592,0.0,64.70330972655216,0.004235383389946526,14.94830525874687,2.415195298503044
1.8618194506353305,176.81988614953175,62.538977512960415,0.010245777460831666,0.015450015115705257,0.025372478976528046,0.011610013697740139,720.2398779134567,58.10089714040917,16.1667275031207,0.0,63.61487277139521,0.004198804279731152,14.45039032433141,2.3470257197528612
1.86188769235875,182.19670941028565,63.05098247655695,0.011660983659544677,0.01612583663979606,0.027638716016821604,0.010769909602678145,720.4509698873577,58.1412002348347,16.36163157460776,0.0,57.77673300407014,0.004185901137082586,14.100632515732276,2.272696657456054
1.8770580780800994,187.1938311779519,63.2305159792483,0.014556592722490828,0.01737431571951658,0.03201837979010389,0.009725971126370922,720.5177372139958,59.24943759947807,17.069022346971963,0.0,50.623085099855146,0.004186390818366044,13.776646409215214,2.1709329968512736
1.9162211083614629,188.7612332136838,63.15217534616639,0.019056228515613532,0.01931293641250125,0.03849158567450512,0.00857224978325797,720.3743852820735,61.68335946524485,18.459627781272825,0.0,41.842334562708984,0.004186219661283755,13.433004277598418,2.0469462835494943
2.010200218652366,183.53762825498808,63.17473838262379,0.026044208899156103,0.02234330030315123,0.04857223422661948,0.007220232877192244,719.7000577688207,66.99290792155021,21.33314489049604,0.0,32.19700258065782,0.00416424938509808,13.107646843873743,1.8918441476352756
2.0938358804822506,169.99828856946226,62.48275457538283,0.028852754014792793,0.02305127698709912,0.05214870652011659,0.00843946810635884,718.2318174733764,71.28519350244787,25.138456402854736,0.0,64.51897169810817,0.004238243085090499,14.28137726210869,1.843467299744503
2.10022570260814,163.4844493919144,59.1656657512788,0.02585910544411215,0.020753085629516537,0.04686125413218869,0.012183956628053681,716.6814325736372,75.3866262792243,27.738628100688675,0.0,132.7276886852966,0.004409130203012258,16.676760656013826,1.9943266821208006
2.0700854688727595,158.14109294942082,54.126794439224305,0.020728898698715595,0.01820237144937716,0.03918817246718264,0.01635442049725671,715.7528927110204,75.27525356973747,28.02943088049793,0.0,202.66565336375814,0.004689767363150977,19.144736924571227,2.150274363537108
2.0344803925171413,154.3654701932484,49.81869139628069,0.016179069309748093,0.016381609128986244,0.032813719316190926,0.019599719250915918,715.3355644881012,73.22854528352437,26.9363465057752,0.0,247.5384662890006,0.004952570788236082,20.981497764112895,2.2741456747381514
2.0036406784393046,152.70477470441878,46.99780429637757,0.012569646302898009,0.015036301100514486,0.027844027390962305,0.022259039391634483,715.1189612192331,72.2729483248241,25.76647093189619,0.0,272.4247242677072,0.005154808654740798,22.17049016692791,2.4011445541216565
1.981463173225927,151.84911191395264,44.54103815977288,0.010355135558854584,0.014226066714648168,0.02463633477088458,0.024162937273663018,715.1589663566094,72.19716414203029,24.67440081156827,0.0,284.82445526030074,0.005289920363081759,22.76217581990224,2.5179899821365863
1.970088645015389,152.38675595075398,42.43807708079601,0.009090764899194042,0.01391222016107559,0.023104935719138096,0.02520858279159966,715.2471510588881,73.56934500474676,23.793446397891053,0.0,283.58060096767787,0.005356892975268861,22.98879189022723,2.6320453337277527
1.9681678552290895,153.13962556266011,41.18126652813528,0.008710477007947713,0.01419639720405641,0.022925301130099322,0.0248284891288895,715.366735872649,74.85983826668947,22.402970339062165,0.0,253.2154697081878,0.005377079711909384,22.88906100529008,2.736133988965567
1.9915379252557937,151.43287476710927,40.71648060415826,0.009490761945727315,0.015355324276777764,0.024593825942162646,0.022868782517991917,715.2592954349508,76.36063384916825,20.804263045697265,0.0,182.24403638295544,0.005378487457135502,22.593729504643825,2.8501459784521637
2.0357076190281838,145.7429947009917,42.26599421371424,0.011087264786097291,0.016782612568657047,0.027586922215351722,0.020016601107385547,714.8891022857159,76.71972427577813,19.74802936614738,0.0,115.62931892955962,0.00531219272280739,22.179903149409675,2.91650158215774
2.064099752985066,144.33064572100704,45.4236380780265,0.013297643570865457,0.018047949785487658,0.03138345049087585,0.016925096148261518,714.9478129052326,76.24658555722695,19.15643205511186,0.0,63.18275165186893,0.005118996389770461,21.14989993726338,2.868965297563714
2.0584293819727786,148.84833026537643,48.78161137401674,0.014854700830770392,0.01836088793725477,0.03322041207600712,0.014629035199794058,715.3226303782454,75.95672063879464,18.825201263585956,0.0,33.035641561969044,0.004902927558434379,19.975150700326815,2.8147099272903713
2.0312383751735217,153.07011131447294,52.12062068090122,0.014507717467337531,0.017669037029167344,0.032146106159403956,0.01330058761188599,715.6427606921392,74.71572397876552,18.35530523515346,0.0,20.529840899320988,0.00473549728006996,19.22903685176678,2.7960357584993973
1.996025830630082,155.75703194059128,55.42879555777321,0.012896190819491279,0.016411221631450368,0.029242590495382442,0.01272557294142316,715.8776197842019,72.9971489038676,17.83057023631838,0.0,19.19383116071026,0.004597221901280246,18.803402624043194,2.8055360955734714
1.9669363743199575,157.82447267946395,58.352951776732915,0.0117656676982235,0.01533365047807048,0.026829603217206618,0.012439777741643166,716.1578268927556,71.38431924701206,17.713503050612992,0.0,26.539971602061627,0.004466667889916722,18.35450308626729,2.787008582467959
1.9491318823051402,158.84670875762654,60.96449901284347,0.011179388947093288,0.01462575784891244,0.02554905231001694,0.012367182627994763,716.5061749412929,69.17212598517058,17.997870235289234,0.0,41.610521283159045,0.004360766513942782,17.85952082154729,2.712428573082661
1.9264330506733454,163.26216663388453,62.72212533765499,0.010724148428219983,0.013927699121770935,0.02453905325408717,0.012283311422456243,716.9059224837545,68.10653795375757,18.207797680360123,0.0,56.34198722593439,0.004270138022281544,17.409628479066455,2.6606109168171352
1.9014008657609403,169.0509109577939,63.47486831455947,0.010310669147499306,0.013537817562779077,0.02378566372115299,0.012121737018565386,717.447808681236,67.33527738028968,18.017351233312702,0.0,63.946514333314994,0.004206836304883195,16.904022952660796,2.6296549800183984
1.882774066735341,174.73742576680564,64.0096698470644,0.010304422693547498,0.013620167150392772,0.02387150341106786,0.01173982221261295,718.0922942710225,65.71956496240331,17.642497436278777,0.0,64.68331014949295,0.004167752334721801,16.279185351338093,2.569736913873885
1.8762754883788606,179.61590131540603,64.44546312457416,0.011184922959284064,0.014225611124129957,0.025263449616304418,0.011073561704869506,718.58428636195,64.56970712873586,17.533721374508083,0.0,60.74775565609069,0.00414892364024883,15.715355222118585,2.485930709551852
1.8868829852942641,183.37930281853394,64.66921165207205,0.013274822477069181,0.015348648428452297,0.028616060124991315,0.010152812219866626,718.7845614863636,64.79316010103811,17.90909041359633,0.0,52.58381025688428,0.004146239729525568,15.303854009219796,2.3927772389053277
1.9177937764684447,185.38933597912046,64.67364333765377,0.017083738182414137,0.01697654242407636,0.03407782700129379,0.009062048886679427,718.6487796194061,66.78611625705176,18.960403613703235,0.0,42.49968836824809,0.004150398400223135,15.043765316197632,2.292710000229915
1.9926810330260014,182.86105962950768,65.07360839239078,0.02318328529862788,0.019272338491292708,0.04250723993478586,0.007708115073517785,717.7888783200982,71.92546433324915,21.43533641355741,0.0,32.07410151620576,0.004141721269655976,15.0781610980355,2.1802897925498095
2.128669424823295,170.46111435062411,66.10724610220025,0.030359598399674066,0.021359714470753063,0.05181697167982845,0.007039656479703895,715.6664424644298,81.02289049729586,26.805207952737863,0.0,38.0966878578476,0.004142653868885204,16.050167172749706,2.0935074127964244
2.201889174199523,159.74119530623568,65.84707601657445,0.03171785510897267,0.020547349872146077,0.05238063514171517,0.00892949052293688,713.6949701406392,89.1143518796718,31.31424524964635,0.0,83.83795256677125,0.004201275605083442,18.027348047669292,2.150152553277595
2.203905517927564,154.34539181036394,63.01238309254881,0.028682054135747197,0.018154502517702113,0.04694861387578163,0.012461738634565369,712.4676527044962,93.87861167821312,33.73207734521178,0.0,148.01903084779855,0.004362321952923433,20.333415462860856,2.302622703702364
2.1797003114300106,148.68169506008073,59.42717389638401,0.024262490099586566,0.016061696598817454,0.0404359008980342,0.01580242704970409,711.8065674565909,92.61420919423809,33.77812700109684,0.0,202.6540559156636,0.004602035884757093,22.359412733628826,2.4320191459738476
2.14161536811482,144.44915458264,55.58956024746247,0.01960551261531009,0.01467013972695889,0.03439251840323354,0.018392705386922968,711.8342934852228,88.47202064286729,32.07787752730342,0.0,233.12142381907574,0.0048148783043793645,23.617558508315206,2.5392509823757994
2.096627643818337,141.8062153795152,51.25156360818523,0.014821742313482843,0.013625190834884945,0.028562347026829128,0.02138278321930467,712.2917382503285,84.21333280001626,29.862038395699674,0.0,257.1397761355235,0.004987517023003809,24.31988376282841,2.644371951941612
